 SIFT Score	PolyPhen Score	CADD Phred Score	DANN Sacore	FATHMM Score	GERP++ NR	MutPred Score	MutationAssessor Score	MutationTaster Score	REVEL Score	PhastCons 20way mammalian	Labels	LabelsFlip
1	0	0.001	0.332	NA	3.87	NA	NA	1	0.117	0.212	1	0
0.01	0.773	25.2	0.998	-0.37	5.21	NA	2.08	1	0.124	0.361	1	0
0.15	0.025	18.35	0.994	NA	3.52	NA	1.9	0.99976	0.132	0.006	1	0
0.28	0	NA	NA	NA	4.57	NA	NA	NA	NA	0.635	1	0
0.7	0	0.001	0.089	1.19	4.45	NA	-0.345	1	0.026	0	1	0
0	0.983	33	0.996	-3.91	3.76	0.886	2.83	0.99999	0.926	0.996	1	0
1	0	0.02	0.638	-1.55	5.65	NA	-0.035	1	0.135	0.179	1	0
0.01	0.007	10.31	0.873	1.11	5.16	NA	NA	0.00077	NA	0.271	1	0
0	1	27	0.996	-3.93	6.03	NA	1.87	0.99999	0.461	1	1	0
1	0	0.001	0.312	1.53	0.235	NA	NA	2.04E-07	0.079	0.005	1	0
1	0	15.99	0.91	-0.58	5.26	NA	-1.87	1	0.155	0.11	1	0
0	0.358	29.1	0.998	0.33	5.53	NA	3.085	6.06E-10	0.286	0.992	1	0
0.43	0	12.04	0.796	-3.9	5.3	NA	-0.49	1	0.272	0.996	1	0
1	0	8.609	0.306	1.18	3.55	NA	-2.335	0.99996	0.099	0.993	1	0
1	0	16.49	0.335	-2.83	5.55	NA	-2.34	0.98295	0.354	0.219	1	0
0.75	0.108	13.7	0.942	-1.01	4.97	NA	1.15	0.03033	0.209	0.823	1	0
0.2	0.7	24.8	0.999	-1.67	4.29	NA	1.5	0.01773	0.519	0.845	1	0
0	0.998	23.5	0.997	-1.23	5.78	0.51	3.445	1	0.654	0.336	1	0
0.92	0.01	2.976	0.683	-2.46	5.66	NA	1.355	1	0.118	0.023	1	0
0.5	0.012	0.002	0.158	0.05	2.54	0.368	0.755	1	0.056	0	1	0
0.22	0.837	6.677	0.923	0.41	5.33	NA	1.405	0.99878	0.119	0.689	1	0
0.1	0.01	17.52	0.972	1.96	4.52	NA	1.35	0.94591	0.073	0.394	1	0
0.19	0	17.23	0.946	0.79	3.68	NA	0.805	1	0.05	0.719	1	0
0.25	0	0.003	0.936	0.86	5.72	NA	0.665	1	0.036	0.936	1	0
0.88	0.006	13.51	0.195	-0.37	4.99	NA	-0.815	0.99989	0.047	0.924	1	0
0.31	0.009	8.216	0.84	1.29	4.95	NA	0.14	0.99986	0.052	0.36	1	0
0.53	0	0.003	0.439	-0.63	5.08	0.443	-1.51	1	0.037	0.002	1	0
0.45	0.217	0.003	0.414	5.14	3.1	NA	1.25	0.99984	0.087	0.776	1	0
0.01	0.02	25.7	0.996	0.29	3.99	0.773	2.1	0.99638	0.34	0.885	1	0
0	0.935	25.1	0.998	-0.6	3.8	NA	2.84	0.99998	0.288	1	1	0
1	0	1.889	0.185	1.31	5.35	NA	-1.495	0.99991	0.121	0.596	1	0
1	0	0.001	0.214	8.32	3.49	NA	-2.6	1	0.389	0.003	1	0
0	0.682	23.7	0.997	-0.35	5.84	NA	1.95	1	0.56	0.812	1	0
0.02	0.999	32	0.999	3.83	4.73	NA	2.39	3.03E-05	0.198	0.997	1	0
0.06	0.859	23.9	0.998	0.02	4.73	NA	1.28	9.16E-05	0.216	0.981	1	0
1	0	0.001	0.494	-2.04	3.71	NA	-1.1	0.99991	0.242	0	1	0
0.3	0	6.341	0.836	0.18	4.15	NA	0.3	1	0.044	0.971	1	0
0.2	0	0.096	0.919	2.77	2.44	NA	NA	1	0.05	0	1	0
0.08	0.026	23.1	0.997	1.98	5.87	NA	0.725	0.02939	0.118	0.995	1	0
1	0	0.002	0.545	2.1	4.66	0.182	1.59	1	0.006	0.024	1	0
0.65	0	3.268	0.393	-0.86	4.41	NA	0.205	1	0.068	0.001	1	0
0.13	0.012	23	0.996	-0.18	5.03	NA	2.455	0.93317	0.136	0.996	1	0
NA	0	5.004	0.745	NA	4.19	NA	NA	1	NA	0	1	0
0.1	0.901	25.9	0.999	-0.75	5.55	NA	1.71	1	0.297	0.806	1	0
0.34	0.02	0.343	0.739	1.21	5.08	NA	1.15	1	0.038	0.685	1	0
0.01	0.01	23	0.998	1	4.86	NA	1.63	0.81437	0.093	0.997	1	0
1	0	0.001	0.596	1.61	4.58	NA	-0.595	1	0.069	0	1	0
0	1	27.9	0.998	-2.56	5.39	NA	2.075	0.99998	0.816	0.855	1	0
0.14	0.099	13.65	0.979	3.7	5.3	NA	2.105	NA	0.086	0.502	1	0
0	0.428	33	0.995	-0.17	5.15	0.5	2.8	1	0.576	0.88	1	0
1	0	0.001	0.582	3.67	3.88	NA	-1.39	0.99999	0.051	0.916	1	0
0.06	0.246	4.794	0.919	-1.63	4.44	NA	1.025	0.99671	0.212	0.001	1	0
0	0.709	24.4	0.988	3.27	4.96	NA	1.975	0.00374	0.172	0.001	1	0
0.35	0.007	NA	NA	NA	4.45	NA	NA	NA	NA	0.48	1	0
0.65	0	0.001	0.191	-1.58	4.63	NA	-0.55	1	0.2	0.002	1	0
0.01	0.991	NA	NA	NA	5.23	0.797	NA	NA	0.475	0.995	1	0
0.11	0.006	21.7	0.986	-1.45	5.87	NA	1.055	1.6E-09	0.321	0.996	1	0
0.83	0	6.7	0.933	-0.75	4.8	0.362	NA	1	0.056	0	1	0
0.52	0.02	14.9	0.855	-1.11	5.46	NA	1.155	0.99974	0.145	0.975	1	0
0.02	0.997	22.6	0.975	1.29	5.46	0.477	3.165	1	0.295	0.985	1	0
0.25	0	9.706	0.857	0.02	3.96	NA	1.24	1	0.04	0	1	0
0.24	0.009	11.89	0.998	-4.45	5.92	NA	NA	0.46757	0.601	1	1	0
0.04	0	12.99	0.979	NA	5.37	NA	1.995	1	0.051	0.036	1	0
0.75	0	0.003	0.495	0.9	5.04	NA	-0.64	1	0.024	0.002	1	0
0.04	0.118	22	0.988	4.45	5.14	NA	1.61	0.99995	0.11	0.949	1	0
0	0.98	29.2	0.918	NA	4.64	0.578	3.915	0.95064	0.183	0.949	1	0
0.06	0.071	7.712	0.971	-1.87	5.93	NA	1.32	0.99843	0.164	0.026	1	0
1	0	0.547	0.361	-2.06	4.64	NA	-1.7	1	0.216	0	1	0
0	0.12	11.7	0.925	NA	3.21	NA	NA	1	0.185	0.46	1	0
0.46	0.001	0.003	0.729	0.34	4.46	NA	0.905	1	0.045	0.003	1	0
0.02	0.009	22.8	0.993	2.4	5.27	NA	2.485	0.00205	0.124	0.998	1	0
0.65	0	6.989	0.502	NA	5.85	NA	NA	0.99998	0.146	0.984	1	0
0.1	0.521	13.34	0.986	1.96	5.49	NA	2.14	1	0.043	0.002	1	0
0.11	0.024	23.1	0.994	0.72	5.14	NA	2.135	0.49513	0.062	0.66	1	0
0.03	0.265	17.44	0.981	-0.62	3.1	NA	NA	1	0.208	0	1	0
0.43	0	NA	NA	NA	NA	NA	NA	NA	NA	NA	1	0
0.31	0.028	22.5	0.998	-1.44	5.97	NA	-0.19	0.84953	0.193	0.991	1	0
0.06	0.505	15.26	0.997	1.49	4.59	NA	1.845	1	0.068	0.003	1	0
0.23	0.034	0.047	0.885	0.48	5.73	NA	0.55	1	0.074	0.075	1	0
0	0.206	14.37	0.879	-0.65	4.79	NA	0.695	1	0.12	0.011	1	0
0.33	0.003	0.002	0.462	1.12	3.52	NA	0.6	1	0.023	0	1	0
0.13	0	8.641	0.54	NA	3.2	NA	0.205	1	0.134	0	1	0
0.06	0.365	21.1	0.987	-4	5.95	NA	1.1	2.52E-15	0.358	0.998	1	0
0.34	0.001	6.888	0.864	2.61	5.5	NA	2.13	1	0.066	1	1	0
0.25	0	0.001	0.222	0.05	5.51	NA	-0.085	1	0.08	0	1	0
1	0	0.001	0.472	-2.16	5.1	NA	-1.735	1	0.157	0	1	0
0	0.116	7.361	0.843	-0.21	3.96	NA	0.45	1	0.034	0	1	0
0	0.999	27.1	0.999	5.21	5.22	NA	2.785	1.75E-09	0.373	1	1	0
0.1	0.052	10.97	0.925	5.45	5.55	NA	0.93	1	0.078	0.979	1	0
0.2	0.217	15.5	0.926	2.28	5.61	NA	NA	1	0.092	0.007	1	0
0.03	0.932	24.7	0.998	-0.53	2.72	NA	3.02	0.72246	0.398	0.003	1	0
0.15	0.096	0.002	0.813	-0.34	3.46	NA	-0.07	1	0.092	0	1	0
0.66	0.012	22.3	0.995	2.84	5.7	NA	0.68	1.05E-14	0.053	0.997	1	0
0.35	0	4.484	0.677	0.28	2.68	NA	NA	0.99986	0.066	0.001	1	0
0.15	0.033	6.513	0.944	2.03	5.78	NA	2.415	7.58E-10	0.079	0.002	1	0
0.47	0.087	13.38	0.849	2.95	5.54	0.453	1.265	0.00127	0.065	0.995	1	0
NA	0	11.8	0.626	NA	4.61	NA	NA	0.00018	NA	0.067	1	0
0	0.874	35	0.999	-1.13	6.05	NA	1.275	1.52E-07	0.603	0.952	1	0
0.45	0.074	0.002	0.288	4.8	2.55	NA	0.46	1	0.022	0.062	1	0
0	0.023	25	0.986	-0.25	4.32	NA	1.895	0.99581	0.122	0.88	1	0
0.03	0.056	23.9	0.993	-1.62	2.18	NA	1.85	0.99826	0.337	0.443	1	0
0.77	0	2.784	0.182	-0.48	5.1	NA	NA	1	0.033	0.988	1	0
0.02	0.946	33	0.999	-4.42	5.86	0.959	3.565	1	0.95	0.966	1	0
0.54	0.054	0.002	0.679	1.43	5.43	NA	1.7	1	0.034	0	1	0
0.41	0	NA	NA	NA	5.84	NA	NA	NA	NA	0.981	1	0
0.03	0.998	24.7	0.999	3.26	5.07	NA	2.16	0.65852	0.083	0.781	1	0
0.58	0.209	0.002	0.847	-2.02	4.72	0.429	1.175	1	0.289	0	1	0
0	0.37	12.67	0.93	0.67	5.31	NA	2.4	1	0.143	0.056	1	0
1	0	3.761	0.822	-0.56	5	NA	NA	1	0.033	0.392	1	0
0	0.997	24.5	0.995	-0.58	5.26	NA	2.28	8.82E-09	0.523	1	1	0
0.18	0.007	23	0.975	-2.69	5.09	NA	1.06	0.0361	0.192	0.27	1	0
1	0	0.144	0.662	1.43	3.81	NA	NA	0.9995	0.07	0.989	1	0
0.16	0.011	0.421	0.734	-1.02	5.67	NA	1.625	1	0.17	0.01	1	0
0.15	0.031	2.478	0.759	-2.76	5.48	NA	0.245	0.99985	0.234	0.657	1	0
0.05	0	1.567	0.324	NA	4.04	NA	NA	1	0.077	0.001	1	0
0.76	0	6.5	0.091	1.05	4.22	NA	-2.18	1	0.022	0.013	1	0
NA	0	NA	NA	NA	NA	NA	NA	NA	NA	NA	1	0
0.88	0	6.577	0.102	5.02	5.32	NA	-1.355	1	0.05	0.417	1	0
0.44	0	0.047	0.59	1.63	6.07	NA	0.23	1	0.005	0.247	1	0
0.23	0.02	6.842	0.791	1.02	3.7	NA	1.54	1	0.052	0	1	0
0.35	0.219	21.9	0.988	-0.44	5.61	NA	2.12	1.86E-06	0.18	0.036	1	0
1	0	9.9	0.187	3.34	5.63	NA	-3.06	0.99965	0.139	0.926	1	0
0	0.975	27.6	0.999	-0.74	5.5	NA	2.6	0.99982	0.277	0.799	1	0
0.05	0	20.6	0.977	-2.99	6.02	NA	0.695	0.9588	0.238	0.879	1	0
0.02	0.103	7.318	0.949	0.26	5.31	NA	1.745	0.99875	0.023	0.009	1	0
0.35	0	0.025	0.498	-1.39	3.85	NA	-1.445	1	0.192	0.106	1	0
0.61	0.007	10.94	0.964	-4.02	5.55	NA	1.84	0.84561	0.33	1	1	0
1	0	1.055	0.445	1.48	4.42	NA	-2.945	1	0.116	0.956	1	0
0.28	0	0.001	0.515	3.39	4.16	NA	0.375	1	0.102	0.002	1	0
0.11	0.037	22.3	0.995	NA	4.53	NA	1.39	0.09509	0.276	0.982	1	0
0.03	0.149	21.9	0.99	-0.33	4.47	NA	3.145	0.99999	0.471	0.998	1	0
0.04	0.003	13.14	0.785	0.18	4.51	0.394	0.47	1	0.062	0.423	1	0
0	0.998	28.3	0.998	-0.21	5.92	NA	3.59	2.05E-07	0.703	0.965	1	0
0.28	0.999	11.69	0.994	NA	4.55	NA	NA	0.04624	NA	0.892	1	0
1	0	11.41	0.427	2.85	5.18	NA	-0.85	0.99888	0.027	0.997	1	0
0.67	0	2.098	0.435	-3.46	2.99	NA	1.1	1	0.17	0	1	0
0.01	0.72	24.1	0.999	-0.62	5.74	NA	2.63	1	0.241	0.472	1	0
0.12	0.006	4.624	0.872	0.58	4.61	NA	0.595	1	0.049	0.77	1	0
1	0	0.604	0.262	-1.05	5.61	NA	-3.235	0.9993	0.247	0.723	1	0
0.55	0	2.909	0.09	-0.55	5.4	NA	NA	1	0.113	0.009	1	0
0.26	0.003	12.24	0.936	-0.35	4.41	NA	2.08	1	0.134	0.974	1	0
0.08	0	23.2	0.983	-0.14	5.15	NA	1.7	0.99999	0.12	0.769	1	0
1	0.007	11.95	0.812	NA	4.59	NA	NA	0.02258	0.088	0.413	1	0
0.05	0.7	26.7	0.998	-3.97	5.64	NA	1.405	1.63E-06	0.592	0.998	1	0
0.13	0	0.016	0.396	1.86	4.73	NA	NA	1	0.078	0.006	1	0
0.28	0.979	9.915	0.268	-0.03	4.34	NA	1.245	1	0.14	0.005	1	0
0.52	0	0.026	0.508	-0.62	5.63	NA	NA	1	0.057	0	1	0
0.79	0	0.001	0.116	-0.27	4.41	NA	-0.345	1	0.04	0.063	1	0
0.15	0.009	8.282	0.962	4.68	5.19	NA	0.445	1	0.008	0.012	1	0
1	0.003	0.002	0.4	0.62	2.43	NA	-1.175	1	0.084	0.133	1	0
0.07	0.372	0.037	0.848	3.44	4.13	0.256	2.725	1	0.116	0.008	1	0
0.15	0.065	19.89	0.986	-0.78	4.74	NA	1.45	1.65E-06	0.197	0.914	1	0
0.78	0	5.076	0.657	-3.57	5.37	NA	-0.69	1	0.197	0.997	1	0
0.17	0.19	10.54	0.996	1.05	4.78	NA	1.175	1	0.031	0.001	1	0
0.15	0.009	14.07	0.978	-3.48	5.42	NA	-0.36	0.99584	0.286	0.982	1	0
0.01	0.926	23.4	0.995	3.39	6.02	NA	2.48	0.99948	0.13	0.78	1	0
0.61	0.001	0.94	0.602	-3	5.64	NA	-0.145	1	0.183	0.01	1	0
0.2	0.003	1.43	0.976	1.51	3.94	NA	2.085	0.99999	0.124	0	1	0
0.18	0.001	NA	NA	NA	4.59	NA	NA	NA	NA	0.017	1	0
0	0.398	5.374	0.639	NA	5.69	NA	NA	0.99854	NA	0.002	1	0
1	0.001	0.008	0.237	4.7	2.71	NA	NA	1	0.041	0.455	1	0
0.2	0.21	23.5	0.985	-0.62	5.99	NA	1.495	0.00013	0.34	1	1	0
1	0	0.055	0.091	2.52	5.32	NA	-1.61	1	0.022	0.003	1	0
0.18	0.027	21.5	0.59	0.61	5.17	NA	1.295	1	0.061	0.965	1	0
0.22	0.141	26.3	0.975	1.6	3.88	NA	1.2	1	0.067	0.775	1	0
0	0.998	26.2	0.997	-3.98	4.77	NA	4.545	1	0.783	0.262	1	0
0.43	0	0.014	0.603	5.01	4.88	NA	-0.55	1	0.068	0.328	1	0
0	0.957	12.64	0.955	1.14	1.97	NA	NA	1	0.061	0.007	1	0
0	1	26.9	0.998	-2.4	5.08	NA	2.9	1	0.637	0.014	1	0
0.63	0.158	0.045	0.741	0.27	4.16	NA	1.72	1	0.017	0.016	1	0
0.75	0	0.003	0.549	-3.76	6.17	0.327	-0.455	1	0.229	0	1	0
0.13	0	20.6	0.956	1.02	4.91	NA	NA	1	0.027	1	1	0
0.38	0.074	12.03	0.93	-1.11	5.85	NA	1.015	0.86403	0.152	0.995	1	0
0	1	22.6	0.994	-1.94	2.54	NA	4.575	0.99875	0.507	0.211	1	0
0.02	0	12.69	0.93	-4.56	4.41	0.406	NA	1	0.163	0	1	0
1	0	0.04	0.087	-0.09	5.12	NA	-2.885	1	0.137	0.028	1	0
0.06	0.982	23	0.997	-0.19	5.92	0.657	2.015	6.03E-06	0.339	0.016	1	0
0.05	0.006	6.313	0.719	NA	2.21	NA	NA	0.99989	NA	0	1	0
1	0.003	0.006	0.169	-2.29	5.48	NA	-0.515	1	0.209	0	1	0
0.14	0.996	23.8	0.99	-1.18	5.87	NA	0.14	9E-05	0.325	1	1	0
0.07	0.033	23.2	0.999	0.41	5.39	0.089	0.695	1	0.229	0.028	1	0
0.2	0.009	0.003	0.458	1.73	3.94	NA	1.1	1	0.007	0.06	1	0
0.14	0.155	24.1	0.985	-1.57	2.19	NA	1.725	2.13E-11	0.322	0.047	1	0
0.04	0	9.639	0.96	-0.8	5.05	NA	0.49	0.99991	0.123	0.975	1	0
1	0.001	8.448	0.611	6.07	5.75	NA	-0.7	0.98813	0.106	0.002	1	0
0.15	0.49	0.863	0.928	2.82	3.34	NA	1.375	0.99989	0.139	0.001	1	0
0.41	0.073	17.36	0.916	-0.87	5.07	NA	1.96	0.98535	0.146	0.839	1	0
0.61	0.034	22.4	0.895	-2.23	5.93	NA	0.345	0.00014	0.36	1	1	0
0.53	0	0.198	0.76	2.77	5.06	NA	-0.9	1	0.028	0.074	1	0
0.06	0.224	23	0.997	0.92	5.93	NA	1.635	1.73E-06	0.191	0.098	1	0
NA	0	NA	NA	NA	NA	NA	NA	NA	NA	NA	1	0
0	0.743	23.6	0.931	-0.81	4.98	NA	2.065	0.057	0.351	0.005	1	0
0.68	0.051	23.6	0.97	4.67	5.67	NA	0.715	1	0.092	0.909	1	0
0.03	0.123	16.71	0.985	3	4.99	NA	1.245	1	0.085	0.003	1	0
0.01	0.328	25.1	0.981	0.08	3.45	0.769	3.39	1	0.371	0.862	1	0
0.03	0.384	25.1	0.982	1.31	5.8	NA	1.15	1	0.329	1	1	0
0	0	9.649	0.596	NA	4.56	NA	NA	0.99911	NA	0.221	1	0
0.05	0.796	22.4	0.986	-0.77	4.76	0.395	2.215	0.99981	0.339	0.962	1	0
0.2	0.991	24.1	0.994	0.53	6.16	NA	2.35	9.8E-07	0.134	0.982	1	0
0.02	0.836	34	0.999	-0.53	5.75	NA	2.975	1	0.722	0.904	1	0
0	0.062	8.739	0.982	NA	3.87	NA	2.045	1	0.035	0.015	1	0
1	0	8.224	0.242	-4.74	4.94	NA	-2.035	0.97672	0.173	0.078	1	0
0.66	0	2.25	0.833	-2.23	6.17	NA	-0.11	0.99998	0.187	0.082	1	0
0.4	0.001	0.003	0.247	7.08	2.66	NA	-0.11	1	0.008	0	1	0
0.86	0	0.001	0.044	2.83	4.47	NA	-1.59	1	0.064	0.014	1	0
0.6	0.001	15.39	0.965	-0.37	5.32	NA	-0.04	0.01971	0.09	1	1	0
0.4	0.022	10.09	0.956	1.16	5.65	NA	2.68	1	0.026	0.088	1	0
0	0.168	24.9	0.999	-1.77	3.46	NA	4.08	5.24E-08	0.727	0.255	1	0
0.63	0	10.25	0.162	-3.18	4.83	NA	0.76	0.99999	0.513	0.766	1	0
0.41	0.003	0.018	0.715	3.13	4.48	NA	0.985	1	0.065	0.86	1	0
0.71	0	12.63	0.799	1.4	5.83	NA	-1.7	0.9865	0.12	0.992	1	0
0.14	0.046	8.265	0.98	-0.85	5.22	NA	1.885	0.99436	0.146	0.99	1	0
0.56	0.003	0.005	0.362	NA	4.07	NA	NA	1	0.171	0	1	0
0	0.998	27.5	0.998	-0.59	3.78	NA	4.77	0.99999	0.222	0.665	1	0
0.39	0	NA	NA	NA	5.95	NA	NA	NA	NA	0.975	1	0
0.07	0.602	17.96	0.978	4.46	4.65	0.571	1.245	1	0.073	0.229	1	0
0	0.808	28.4	0.999	-0.94	6.07	NA	3.665	0.99893	0.52	0.998	1	0
0.09	0.081	9.054	0.984	-2.32	4.52	0.259	2.3	0.86498	0.175	0.045	1	0
1	0	0.001	0.221	-0.03	4.54	NA	NA	1	0.086	0	1	0
1	0	0.002	0.416	-2.46	5.38	NA	NA	1	0.138	0.605	1	0
1	0	NA	NA	NA	5.13	NA	NA	NA	NA	0	1	0
0.65	0.003	0.001	0.532	NA	3.21	NA	-1.7	1	0.005	0	1	0
0.45	0	2.407	0.176	1.62	4.69	NA	NA	1	0.064	0.194	1	0
0.01	0.997	32	0.999	3.38	4.56	NA	3.62	3.42E-06	0.392	0.985	1	0
0.23	0.003	6.881	0.575	-1.91	3.64	NA	0.345	0.91563	0.206	0.202	1	0
0.56	0.024	4.183	0.608	-0.26	4.52	0.465	0.39	1	0.027	0.24	1	0
0.59	0.01	2.73	0.691	1.06	3.52	NA	1.455	1	0.025	0.687	1	0
1	0	0.049	0.239	-3.86	5	NA	0.155	1	0.194	0.314	1	0
0.02	0.013	23	0.934	NA	4.78	NA	-0.105	NA	NA	0.906	1	0
0.27	0.058	5.366	0.819	0.77	5.84	NA	1.84	0.99823	0.064	0.015	1	0
0.4	0.015	0.007	0.466	-2.69	5.61	NA	1.41	1	0.257	0.081	1	0
1	0.001	0.007	0.217	-0.24	5.25	NA	-1.465	1	0.229	0.182	1	0
NA	0	0.282	0.797	1.07	5.27	NA	NA	0.96251	NA	0.994	1	0
0.28	0.294	13.22	0.992	0.56	5.96	NA	1.935	0.62243	0.034	0.966	1	0
0	0.999	24.5	0.992	-1.05	5.67	NA	3.065	1	0.74	0.872	1	0
0.59	0.664	5.72	0.981	3.66	4.33	NA	0.975	0.99948	0.064	0.006	1	0
0.5	0	0.436	0.444	0.28	5.31	NA	0.085	1	0.054	0	1	0
0.02	0.995	32	0.999	0.71	5.19	NA	2.535	0.5587	0.177	0.935	1	0
0.41	0	6.019	0.866	-1.43	5.64	NA	0.255	1	0.348	0.056	1	0
0.35	0	0.841	0.383	2.02	4.12	NA	NA	1	0.015	0.005	1	0
0	0.191	21.1	0.997	-0.08	5.02	0.427	1.87	1.39E-13	0.097	0.878	1	0
0.01	0.961	25.1	0.998	0.3	4.56	0.717	2.37	0.99872	0.355	0.004	1	0
1	0	0.761	0.241	2.12	5.13	0.427	NA	0.99996	0.053	0.954	1	0
0.01	0.041	23	0.997	-0.41	5.41	0.313	1.995	1	0.215	0.008	1	0
0.23	0	19.03	0.996	4.36	5.02	NA	1.15	0.00761	0.104	1	1	0
0.17	0	8.414	0.95	-0.93	4.82	NA	0.5	0.33231	0.114	0.71	1	0
0.34	0	0.005	0.5	3.38	4.51	0.152	-0.19	1	0.019	0.473	1	0
0.02	0.025	13.33	0.988	-2.88	5.12	NA	2.88	1	0.442	0.51	1	0
0.62	0.012	0.219	0.82	-3.37	4.72	0.28	1.26	0.99997	0.12	0.281	1	0
0.11	0.943	23	0.995	-0.31	3.39	0.337	0.93	1	0.124	0.956	1	0
0.13	0.007	9.308	0.896	1.31	3.9	NA	0.33	0.99949	0.026	0.91	1	0
0	0.928	25.2	0.998	-0.33	4.49	NA	2.495	1	0.409	0.131	1	0
1	0	0.001	0.194	2.29	5.59	NA	-1.365	1	0.105	0	1	0
0.28	0.003	0.002	0.425	-3.04	5.88	NA	0.205	1	0.217	0.21	1	0
0.61	0	0.001	0.464	8.27	4.02	NA	1.195	1	0.319	0	1	0
0.41	0	11.23	0.985	0.97	5.69	NA	0.755	0.24164	0.04	1	1	0
1	0.003	0.005	0.244	3.35	3.66	NA	-0.57	1	0.013	0	1	0
1	0.003	0.005	0.124	-0.92	3.56	NA	-0.035	0.99037	0.095	0.2	1	0
0.54	0	14.45	0.532	-2.7	4.99	NA	-0.145	0.99981	0.216	0.993	1	0
0.32	0.06	13.61	0.983	-1.83	4.84	NA	1.445	0.99922	0.362	0.446	1	0
0	0.926	33	0.996	-2.92	4.85	NA	3.605	1.99E-06	0.714	0.998	1	0
0.05	0.077	22.6	0.974	9.11	1.66	NA	NA	0.98865	0.065	0.387	1	0
0.35	0	15.79	0.584	-0.16	4.58	NA	-0.485	0.99549	0.106	0.575	1	0
0	0.975	23.6	0.993	5.17	4.12	0.805	NA	0.99991	0.263	0.999	1	0
0.52	0.003	0.004	0.681	2.17	3.83	NA	-0.255	1	0.008	0.009	1	0
0.37	0	8.85	0.983	-1.64	4.4	NA	1.195	1	0.132	0.213	1	0
0.1	0.179	23.5	0.999	-1.69	5.21	NA	0.695	1.36E-07	0.386	0.348	1	0
0.01	0.904	23.4	0.995	-1.02	5.2	NA	2.5	1	0.432	0.857	1	0
0.08	0.335	23.2	0.998	-0.72	5.52	NA	1.82	5.09E-05	0.118	1	1	0
0.4	0	11.39	0.714	4.82	5.04	NA	1.32	1	0.056	0.11	1	0
0.47	0.009	1.122	0.771	1.19	4.94	NA	1.04	1	0.023	0.928	1	0
0.13	0.197	0.061	0.357	0.22	2.54	0.443	0.345	1	0.062	0	1	0
0	0.822	25.3	0.995	-3.49	5.79	0.672	2.71	0.97824	0.739	0.607	1	0
0.68	0	0.727	0.411	1.24	5.2	NA	-0.6	1	0.011	0	1	0
0.08	0.163	21.2	0.995	-1.98	5.72	NA	0.2	0.00435	0.249	0.992	1	0
0.78	0	0.002	0.198	2.47	1.88	0.229	0.46	1	0.033	0.001	1	0
0.06	0.459	21.6	0.988	0.71	5.79	NA	1.52	0.08859	0.09	0.344	1	0
0.11	0.007	15.63	0.972	0.98	5.14	NA	1.17	0.00024	0.055	1	1	0
0.01	0.027	21.5	0.881	-1.31	4.94	NA	1.13	4.04E-09	0.292	0.168	1	0
0	1	33	0.999	-6.38	5.65	NA	3.11	0.99754	0.837	0.787	1	0
0.02	0.435	21.6	0.99	4.26	2.95	NA	2.625	0.94642	0.098	0.002	1	0
0.06	0.003	14.75	0.771	0.24	4.84	NA	1.995	0.68207	0.268	0.253	1	0
0.07	0.112	3.782	0.81	4.15	4.48	NA	NA	1	0.061	0.019	1	0
0.1	0.994	26.9	0.998	-0.07	3.22	NA	2	0.99325	0.178	0.093	1	0
0.15	0.983	23.5	0.994	-3.2	5.91	0.54	-0.925	0.99999	0.711	0.945	1	0
0.45	0	10.56	0.632	-1.42	4.29	NA	-0.165	1	0.205	0.068	1	0
1	0	0.036	0.054	-2.13	5.41	NA	-1.87	1	0.18	0.184	1	0
0.07	0.082	22.2	0.998	-2.64	5.54	NA	0.41	1.95E-05	0.471	1	1	0
0.03	0.22	21.8	0.994	-3.13	5.16	NA	2.045	0.99945	0.33	0.004	1	0
0.11	0	7.486	0.955	-0.98	5.22	NA	0.6	1	0.125	0.143	1	0
0	0.826	23.7	0.998	-1.27	3.96	NA	NA	0.99998	0.335	0.223	1	0
0.35	0.023	21.6	0.987	0.5	4.7	NA	1.185	0.99213	0.103	0.931	1	0
0.01	0.601	22.1	0.994	-0.07	3.61	NA	1.945	0.94742	0.128	0.125	1	0
0	0.925	26.2	0.995	-1.08	5.27	NA	1.87	1.94E-05	0.423	1	1	0
0	0.999	22.8	0.984	2.12	4.7	NA	3.995	1	0.162	0.004	1	0
0.28	0.588	13.88	0.933	1.04	5.72	0.649	1.795	0.99584	0.126	0.993	1	0
0.16	0.003	3.201	0.862	1.24	5.34	NA	1.14	1	0.012	0	1	0
0.05	0.524	12.64	0.985	0.22	5.95	0.415	1.985	0.00198	0.1	0.991	1	0
0.65	0	8.977	0.569	3.8	4.41	NA	NA	0.15157	0.09	0.247	1	0
0.05	0.755	24.5	0.994	NA	5.98	0.446	1.92	0.80235	0.504	1	1	0
0.22	0	17.29	0.988	2.01	4.77	NA	1.1	1	0.047	0.014	1	0
1	0	0.002	0.098	-2.7	4.2	NA	-1.105	1	0.078	0	1	0
1	0	2.234	0.54	2.75	5.61	NA	-2.24	0.99993	0.093	0.002	1	0
0.07	0.01	14.87	0.981	1.59	5.59	NA	1.52	1	0.096	0.567	1	0
0.01	0.955	28.4	0.998	-0.71	5.65	0.746	2.68	0.62139	0.553	0.997	1	0
0	0.987	32	0.997	-0.54	2.37	0.797	3.695	0.92627	0.407	0.983	1	0
0.1	0.034	1.411	0.827	3.52	4.86	NA	1.075	0.94556	0.039	0.138	1	0
0	0	13.26	0.968	NA	3.62	NA	NA	NA	NA	0.32	1	0
0.72	0	18.03	0.984	1.73	3.88	NA	NA	4.14E-11	0.017	1	1	0
0.02	0.023	8.375	0.923	1.83	3.4	0.108	NA	1	0.036	0.018	1	0
0.39	0	12.29	0.968	3.03	5.17	NA	-2.14	6.44E-09	0.078	0.554	1	0
0.24	0.969	17.29	0.995	-0.74	5.68	0.663	2.215	1	0.722	0.593	1	0
0	1	32	0.999	-7.27	5.2	0.984	5.06	1	0.992	0.974	1	0
1	0.003	2.791	0.143	0.01	2.37	NA	-1.325	4.5E-05	0.073	0.84	1	0
0	0.999	27.6	0.963	-2.65	5.39	0.938	2.015	1	0.893	0.997	1	0
0.82	0.001	4.423	0.75	-0.16	5.08	NA	-0.165	1	0.069	0.003	1	0
0.06	0.778	32	0.997	NA	2.03	NA	3.875	1	0.238	0.672	1	0
0.06	0.598	21.4	0.997	-0.59	4.18	0.743	2.77	1	0.607	1	1	0
0	0.995	27.7	0.998	-0.91	5.5	0.85	2.98	1	0.885	0.998	1	0
0	0.993	23.7	0.995	-0.4	2.87	NA	2.765	1	0.253	0.02	1	0
0.02	0.972	33	0.997	-4.67	4.63	0.95	2.62	0.99989	0.862	0.968	1	0
0.01	0.056	17.79	0.93	-0.14	5.46	NA	0.235	0.99843	0.077	0.868	1	0
0.32	0.001	2.525	0.32	-2.94	5.2	NA	0.315	0.60777	0.258	0.007	1	0
0.1	0.961	23.6	0.944	-4.83	3.66	0.59	1.225	0.88503	0.734	0.87	1	0
0.02	0.105	23	0.975	-2.42	5.43	0.463	2.46	0.99992	0.377	0.492	1	0
0.16	0.223	24	0.975	-1.79	5.74	NA	-0.61	0.99928	0.49	0.677	1	0
0.52	0	1.971	0.67	-1.75	4.92	NA	-1.555	1	0.178	0.959	1	0
0.4	0	0.11	0.786	0.48	5.54	NA	NA	0.55856	0.076	0.162	1	0
0.52	0.003	11.36	0.887	-0.25	5.67	NA	0.03	0.99937	0.036	1	1	0
0.01	0.998	23.6	0.998	4.57	3.24	NA	NA	0.66596	0.119	0.064	1	0
0	0.658	25	0.998	-3.7	5.62	NA	2.155	0.99993	0.741	0.762	1	0
0.03	0.187	18.81	0.971	-1.28	3.1	NA	1.145	1	0.282	0.001	1	0
0	0.537	22.4	0.989	4.65	3.24	0.566	NA	1	0.085	0.069	1	0
0.01	0.999	25.6	0.994	-2.66	5.69	0.913	3.665	1	0.941	0.999	1	0
0.01	0.305	25.2	0.997	-4.05	3.38	0.811	4.545	0.9923	0.918	0.999	1	0
0.26	0.199	19.19	0.988	-3.35	5.86	NA	0.145	0.95413	0.531	1	1	0
0.31	0.005	16.37	0.976	-4.33	5.63	NA	1.1	0.96443	0.353	0.383	1	0
0	0.188	15.77	0.895	2.06	3.93	0.473	2.87	1.11E-06	0.234	0.014	1	0
0	0.648	30	0.997	-2.31	5.81	0.614	3.19	1	0.825	0.982	1	0
0	0.995	34	0.999	-3.13	4.84	NA	3.79	0.99747	0.944	0.997	1	0
0.17	0.73	23.6	0.998	2.75	5.45	NA	1.78	0.00132	0.101	0.984	1	0
0.02	0.972	27.7	1	-2.28	4.6	0.797	NA	1	0.902	0.643	1	0
1	0	5.294	0.152	NA	4.49	NA	-1.585	0.99984	0.078	0.485	1	0
0.04	0.583	23.4	0.992	1.73	5.57	0.762	2.435	1	0.255	0.952	1	0
0	0.998	31	0.995	0.37	5.83	0.572	3.315	1	0.419	0.992	1	0
0	0.988	23.6	0.95	-0.86	2.77	NA	4	2.11E-10	0.301	0.001	1	0
0.19	0.005	12.75	0.892	-1.93	4.01	NA	0.37	0.97381	0.357	0.998	1	0
0	1	29.7	0.991	-0.71	5.83	0.854	3.6	0.99902	0.849	1	1	0
0.14	0	10.25	0.784	3.38	5.44	0.247	1.7	1	0.073	0.628	1	0
0.04	0.098	23.7	0.992	-0.27	3.02	NA	1.02	1	0.234	0.214	1	0
0.02	1	23.8	0.999	0.08	3.26	NA	2.87	1	0.434	0.381	1	0
0	0.736	23.5	0.978	2.42	3.42	NA	2.955	0.79088	0.11	0.009	1	0
0	0.979	32	0.999	-0.52	4.85	0.76	3.345	0.99997	0.624	0.349	1	0
0.16	0.018	12.83	0.923	3.73	4.24	NA	1.26	1	0.046	0.979	1	0
0.06	0.009	22.7	0.723	1.48	5.16	NA	0.725	0.87937	0.04	0.128	1	0
0.04	0.997	23.7	0.999	-2.79	5.39	0.873	1.565	1	0.801	1	1	0
0.03	0.999	25.5	0.999	-0.65	3.46	NA	0.625	0.80039	0.362	0.829	1	0
0.28	0.034	15.45	0.997	-3.66	5.47	NA	0.205	0.03393	0.257	0.998	1	0
0	0.981	24.8	0.997	0.05	5.76	0.758	3.64	1	0.572	0.28	1	0
0.01	0.043	25.8	0.999	-0.59	4.93	0.6	3	1	0.462	0.746	1	0
0.88	0	6.77	0.709	-4.21	4.88	NA	-1.67	8.61E-09	0.339	0.98	1	0
0.21	0.182	9.635	0.975	4.93	1.69	0.366	1.595	1	0.035	0	1	0
0.02	0.631	20.1	0.995	-0.41	2.95	0.724	2.3	0.9991	0.294	0.007	1	0
0.15	0.01	11.86	0.971	4.14	3.28	0.182	0.895	0.97235	0.038	0.017	1	0
1	0.012	10.93	0.926	-0.38	5.65	NA	-1.1	0.99893	0.171	0.996	1	0
0	1	33	0.999	-4.54	5.41	NA	2.445	1	0.706	0.535	1	0
0.75	0.036	8.724	0.887	-0.31	4.93	NA	0.11	1	0.12	0.023	1	0
0.42	0.319	8.946	0.797	4.68	1.69	0.349	1.905	1	0.031	0	1	0
0.04	0.076	20.9	0.953	4.61	3.13	0.527	NA	0.84912	0.081	0.001	1	0
0.21	0.46	1.36	0.849	-0.38	3.52	0.647	2.47	1	0.271	0.001	1	0
0.24	0.05	22.8	0.996	-0.92	5.5	NA	1.485	0.98985	0.262	0.994	1	0
0	0.373	28.4	0.998	-1.35	4.32	0.332	4.805	1	0.8	0.996	1	0
0	0.99	29.3	0.999	NA	5.26	0.916	3.805	1	0.949	1	1	0
0.13	0.012	10.85	0.896	4.95	2.76	NA	0.94	0.9999	0.026	0.001	1	0
0.04	0.968	23.6	0.997	-4.72	4.63	0.853	2.19	0.67532	0.877	0.985	1	0
0.97	0.001	5.723	0.742	1.39	5.22	NA	0.48	1	0.015	0.009	1	0
0.69	0	0.008	0.621	-4.37	4.98	NA	1	0.9999	0.272	0.72	1	0
0.07	0.003	19.86	0.984	0.97	5.05	0.332	2.48	0.54773	0.085	0.996	1	0
1	0	0.021	0.335	1.22	5.48	NA	-1.15	1	0.084	0.933	1	0
0.49	0.048	8.909	0.74	4.65	3.15	0.372	NA	0.8177	0.033	0.803	1	0
0.19	0.078	8.914	0.904	1.12	5.4	NA	1.365	0.12526	0.069	0.929	1	0
0.22	0.561	22.8	0.986	NA	5.93	0.293	1.185	0.99997	0.39	1	1	0
0.74	0	6.45	0.926	-2.58	5.66	NA	0.515	0.76952	0.162	0.991	1	0
0	0.666	27.4	0.997	-3.86	5.91	0.62	3.1	1	0.812	0.995	1	0
0.02	0.025	18.43	0.974	-0.32	4.89	NA	1.265	0.99993	0.197	1	1	0
0.02	0.962	24.7	0.997	-4.72	4.63	0.924	2.705	0.88359	0.747	0.854	1	0
0.2	0.432	0.072	0.451	4.95	2.73	NA	NA	1	0.016	0.001	1	0
0.16	0.015	23.1	0.992	NA	5.26	0.565	1.65	0.9925	0.092	0.994	1	0
0	1	33	0.992	-3.25	4.83	0.953	3.825	1	0.948	1	1	0
0.01	0.028	23.5	0.997	-0.55	4.12	0.847	3.415	0.99999	0.505	0.46	1	0
0.01	0.029	24.2	0.996	-4.87	5.65	NA	3.42	1	0.811	0.941	1	0
0	0.988	26.9	0.988	-1.7	6.06	0.749	3.09	1	0.813	0.998	1	0
0	0.999	28.8	0.999	-3.11	4.42	0.969	3.675	1	0.915	0.742	1	0
0.13	0.268	24.3	0.99	-0.29	2.95	0.661	1.32	0.96084	0.319	0.808	1	0
0.23	0.339	22.1	0.967	0.29	5.76	NA	2.19	0.67667	0.32	0.031	1	0
0.02	0.022	23.1	0.986	0.19	4.71	0.501	2.555	0.6268	0.091	0.785	1	0
0.43	0.132	6.772	0.995	-1.94	3.16	NA	NA	1	0.168	0.007	1	0
0.04	0.025	24.3	0.998	2.33	5.53	NA	1.51	0.99533	0.039	1	1	0
0	0.998	33	0.998	NA	5.09	0.853	3.72	1	0.762	0.993	1	0
0.01	0.167	22.4	0.97	-0.55	5.54	NA	2.24	0.99994	0.362	0.771	1	0
0.01	1	29.9	0.986	-2.11	4.79	0.424	2.08	1E-07	0.591	1	1	0
0	0.997	26.4	0.994	0.4	5.13	NA	3.445	1	0.451	0.953	1	0
0	0.954	32	0.986	-2.74	5.76	0.819	2.91	1	0.898	0.998	1	0
0.3	0.012	18.18	0.973	-1.22	4.93	0.357	1.845	1	0.105	0.437	1	0
0	1	28.3	0.995	-5.1	5.9	0.915	NA	0.99971	0.975	0.997	1	0
0	0.065	16.08	0.993	NA	4.69	NA	0.895	0.99959	0.033	0.005	1	0
0.01	0.692	20.9	0.997	-1.84	3.39	0.765	NA	0.99865	0.503	0.001	1	0
0.03	0.991	17.21	0.999	-2.52	6.02	NA	1.825	0.99983	0.625	0.994	1	0
1	0	0.007	0.095	3.25	3.64	NA	-2.3	1	0.051	0.006	1	0
0.58	0.003	16.96	0.949	NA	5.76	NA	1.16	1	0.014	0.746	1	0
0	1	33	0.999	-2.21	5.31	NA	3.4	1	0.817	1	1	0
0.01	0.014	8.774	0.89	1.28	5.32	0.109	NA	1	0.043	0.99	1	0
1	0	0.001	0.319	-2.29	2.99	NA	-2.715	1	0.177	0.052	1	0
0.01	0.998	26.5	0.999	-6.65	5.73	0.948	2.545	1	0.898	0.953	1	0
0	1	31	0.999	-0.21	5.55	0.517	4.03	1	0.765	0.995	1	0
0	0.007	16.16	0.989	4.67	3.38	0.54	NA	0.9991	0.071	0.103	1	0
0	0.978	34	0.999	-3.73	5.69	0.972	3.28	1	0.933	0.997	1	0
0	0.551	24.1	0.987	0.66	3.32	NA	1.97	1	0.173	0.26	1	0
0.44	0.005	10.83	0.835	-2.05	3.96	NA	0.695	1	0.101	0.027	1	0
0.01	0.872	25.4	0.982	NA	4.17	NA	3.315	0.00348	0.28	0.955	1	0
0	0.122	21.1	0.996	3.71	5.66	0.262	0.975	1	0.067	0.003	0	1
0.02	0.034	23.3	0.994	0.97	5.52	0.432	0.675	0.99997	0.128	1	0	1
0.02	0.97	34	1	-0.32	4.31	NA	1.04	0.99948	0.603	0.987	0	1
0.05	0.994	24	0.97	0.24	4.98	0.838	0.375	0.99989	0.422	1	0	1
0.15	0.024	5.745	0.196	NA	4.63	NA	NA	1	0.057	0.003	0	1
0.3	0.026	11.52	0.95	-1.66	4.98	0.437	1.7	0.88779	0.219	0.984	0	1
0.21	0.005	10.72	0.97	0.61	5.54	NA	1.82	1	0.04	0.194	0	1
0	1	33	0.999	0.16	5.28	0.649	3.085	1	0.613	0.999	0	1
0.11	0.097	17.37	0.942	-0.72	5.31	0.06	0.805	0.68394	0.26	0.996	0	1
0.09	0.177	19.32	0.995	1.66	5.2	0.283	NA	0.99997	0.033	0.052	0	1
0.03	0.843	27.5	0.998	3.01	5.37	0.723	2.325	1	0.287	0.972	0	1
0.01	0.949	25.8	0.999	-0.6	4.87	0.474	2.545	0.99997	0.408	0.881	0	1
0.24	0	0.001	0.283	2.36	4.37	0.278	0.54	1	0.006	0.001	0	1
0	0.444	25.2	0.996	1.64	5.66	0.413	1.26	0.99808	0.109	1	0	1
1	0	7.275	0.857	-0.39	5.4	0.459	-1.15	0.89719	0.155	0.993	0	1
0.87	0	5.42	0.731	1.9	5.85	0.446	1.02	1	0.053	0.894	0	1
0.07	0.392	23.4	0.996	4.49	3.62	NA	2.765	1	0.085	0.001	0	1
0.02	0.511	19.78	0.998	-4.07	5.67	0.308	1.1	0.99928	0.396	0.997	0	1
0.01	0.559	29.5	0.996	-2.41	4.84	NA	0.805	0.918	0.64	1	0	1
0.01	0.716	24.1	0.998	2.9	5.54	0.129	1.905	0.96516	0.094	0.96	0	1
0.01	0.364	23.7	0.997	0.32	5.48	NA	2.08	0.99994	0.082	0.996	0	1
0.04	0.092	23.9	0.999	NA	5.19	0.796	1.6	0.99999	0.524	0.998	0	1
0.5	0.014	23.3	0.994	2.56	5.57	0.45	1.295	0.99876	0.078	0.907	0	1
0.02	0.993	25.2	0.995	-12.4	5.66	0.705	4.955	1	0.933	0.998	0	1
0	0.66	24.5	0.995	1.1	5.23	0.483	3.07	0.99791	0.309	0.953	0	1
0.02	0.877	24.8	0.996	-3.81	5.87	0.56	2.745	0.93532	0.64	0.117	0	1
0	0.996	26.3	0.998	-2.44	5.34	0.785	4.555	0.99989	0.703	0.993	0	1
0	0.997	29.2	0.999	-2.61	5.95	0.739	2.94	1	0.828	0.996	0	1
0.46	0.003	18.62	0.967	1.56	5.35	0.417	1.945	0.55993	0.026	1	0	1
0	0.694	34	0.999	-3.94	5.38	NA	2.005	1	0.8	0.998	0	1
0	0.554	24.9	0.996	1.24	5.6	0.302	2.64	1	0.173	0.998	0	1
0.05	0.521	17.7	0.993	4.7	6.16	0.574	1.905	0.99828	0.259	1	0	1
0.03	0.287	22	0.997	-1.96	5.85	0.525	2.025	0.99996	0.448	0.698	0	1
0.11	0.587	0.068	0.98	1.14	5.78	0.46	1.485	0.92992	0.125	0.986	0	1
0	0.999	31	0.997	2.71	3.81	NA	1.935	0.75871	0.222	0.997	0	1
0	0.227	7.85	0.583	-0.47	3	0.411	NA	1	0.134	0.998	0	1
0.36	0.001	7.049	0.719	3.13	0.996	0.379	0.965	0.99941	0.03	0.356	0	1
0.23	0.222	6.948	0.87	1.99	4.25	0.346	0.695	1	0.01	0.003	0	1
0.02	0.994	25.1	0.997	3	5.74	0.512	1.675	1	0.198	0.544	0	1
0.04	0.391	NA	NA	NA	NA	NA	NA	NA	NA	NA	0	1
0.79	0.05	4.905	0.54	NA	5.57	0.155	0.895	0.97777	0.065	0.956	0	1
0.01	0.968	25.6	0.997	-1.08	4.34	0.632	2.135	0.82344	0.505	1	0	1
0	0.999	33	0.998	-0.15	5.08	0.682	3.68	0.99998	0.543	0.742	0	1
0.51	0.031	0.153	0.591	0.41	4.83	0.19	1.43	1	0.078	0	0	1
0.05	0.025	23.3	0.96	1.3	5.66	0.55	0.115	0.83444	0.115	0.985	0	1
0.02	1	23.5	0.996	-4.57	NA	0.74	5.605	0.99175	0.345	0.176	0	1
0.02	0.975	27.2	0.998	0.93	5.1	0.51	1.445	0.69538	0.184	0.999	0	1
0.2	0.075	4.845	0.641	5.33	4.47	NA	0.805	1	0.041	0	0	1
0.98	0	12.03	0.995	NA	6.06	0.253	0.345	1	0.033	1	0	1
1	0.001	4.671	0.413	2.28	5.55	NA	0.58	0.99683	0.067	0.991	0	1
0.31	0.997	0.388	0.651	5.5	3.76	0.21	1.32	1	0.069	0	0	1
0.24	0.001	0.053	0.747	1.58	4.82	NA	1.32	0.96338	0.022	0.998	0	1
0.41	0	19.45	0.952	1.84	4.49	0.281	0.805	0.80998	0.025	0.962	0	1
0.25	0.003	0.005	0.446	NA	1.15	NA	1.32	1	0.058	0.012	0	1
0.01	0.989	32	0.999	2.45	5.64	0.361	2.505	0.99992	0.184	0.997	0	1
0.08	0.018	14.87	0.674	1.41	5.62	0.335	0.805	1	0.125	0.586	0	1
0.16	0.012	11.12	0.852	3.17	5.38	0.163	2.14	1	0.028	0.999	0	1
0.09	0.157	16.64	0.987	-4.37	3.83	0.099	0.695	0.99061	0.396	0.699	0	1
0.31	0.981	24.3	0.997	0.86	3.94	0.138	1.975	0.99999	0.216	0.987	0	1
0.09	0.056	17.54	0.988	1.02	5.72	0.502	2.175	0.98701	0.035	0.022	0	1
0.06	0.996	14.51	0.997	0.26	4.68	0.477	1.04	0.99993	0.29	0.712	0	1
0.29	0.194	10.45	0.987	-0.98	5.37	0.362	0.615	0.62933	0.19	1	0	1
0.04	0.854	23.5	0.998	-0.37	5.43	NA	1.265	1	0.605	0.994	0	1
0.13	0.065	0.002	0.39	0.01	5	NA	1.79	0.99287	0.216	0.013	0	1
0	0.965	27.8	0.997	0.07	3.53	0.321	2.765	0.67746	0.272	0.84	0	1
0.26	0	10.53	0.766	NA	2.85	0.197	1.1	1	0.009	0	0	1
0.05	0	NA	NA	NA	NA	NA	NA	NA	NA	NA	0	1
0.01	0.597	26.5	0.997	NA	4.31	NA	2.52	0.96944	NA	0.053	0	1
0.04	0.537	10.71	0.995	-2.05	5.75	NA	1.95	0.99994	0.67	0.994	0	1
0.17	0.07	23.8	0.987	3.04	5.41	0.22	1.395	0.99583	0.031	1	0	1
0	0.994	32	0.997	-2.18	4.86	0.749	2.48	0.99893	0.689	0.976	0	1
0.03	0.998	24	0.999	2.2	5.95	0.44	2.365	0.9719	0.249	0.98	0	1
0.12	0	21.7	0.992	-2.68	5.36	0.243	0.35	0.99992	0.266	0.999	0	1
0.01	0.09	24.3	0.997	1.64	5.4	0.371	1.32	0.70854	0.145	0.999	0	1
1	0.06	0.691	0.206	-0.62	4.49	0.517	-0.705	1	0.065	0	0	1
0.2	0.018	NA	NA	NA	NA	NA	NA	NA	NA	NA	0	1
0.77	0.055	15.8	0.323	1.63	6.16	NA	0.07	1	0.237	0.973	0	1
0.09	0.001	15.83	0.982	0.84	5.35	0.271	2.25	1	0.508	0.122	0	1
0	0.634	27.8	0.999	NA	5.54	NA	2.77	0.99762	0.142	0.998	0	1
0.18	0.027	20.7	0.996	-2.65	6.02	0.44	2.125	1	0.387	0.995	0	1
0.26	0.049	10.57	0.952	2.49	5.48	NA	1.39	1	0.076	0.017	0	1
0.08	0.992	26	0.999	1.15	4.79	NA	1.5	1	0.241	0.202	0	1
0.09	0.062	22.7	0.998	0.23	5.37	0.484	2.06	0.99782	0.146	0.275	0	1
0.18	0.006	12.5	0.925	2.85	5.46	0.217	1.355	0.83161	0.02	0.764	0	1
0.05	0.996	27	0.999	NA	5.77	0.617	2.935	1	0.465	0.996	0	1
0	1	25.1	0.993	1.51	5.67	0.89	3.27	1	0.595	0.553	0	1
0.82	0.001	NA	NA	NA	NA	NA	NA	NA	NA	NA	0	1
0.06	0.65	26.1	0.998	-2.29	4.91	0.82	2.195	0.97618	0.622	0.788	0	1
0.18	0.007	15.82	0.997	-3.6	4.78	0.445	1.795	0.88286	0.36	0.542	0	1
0.03	0.009	27.3	0.99	2.81	5.34	0.571	2.35	0.99937	0.04	0.968	0	1
0	0.996	26.7	0.997	-0.76	4.72	0.43	3.6	1	0.592	0.995	0	1
0	0.973	26.6	0.997	-2.58	5.37	NA	1.955	1	0.739	1	0	1
0.06	0.006	21.2	0.982	-1.62	5.89	0.512	-0.55	0.99116	0.186	0.999	0	1
0.08	0.039	24.4	0.998	NA	5.61	NA	1.04	0.99594	0.124	1	0	1
0.18	0.001	NA	NA	NA	NA	NA	NA	NA	NA	NA	0	1
0.03	0.635	9.154	0.828	-3.58	5.32	0.25	2.19	1	0.225	0.001	0	1
1	0	0.229	0.413	NA	2.81	NA	NA	1	0.032	0	0	1
0.01	0.922	24.6	0.998	1.49	4.99	0.555	2.695	0.99917	0.316	0.999	0	1
0.01	0.117	28	0.998	NA	5.65	NA	2.78	1	0.368	0.907	0	1
0.07	0.987	25.2	0.999	1.95	5.51	NA	3.1	0.99957	0.238	0.898	0	1
NA	0	NA	NA	NA	NA	NA	NA	NA	NA	NA	0	1
0.29	0	NA	NA	NA	NA	NA	NA	NA	NA	NA	0	1
0.09	0.11	23.4	0.999	-0.41	5.35	NA	1.61	1	0.256	0.962	0	1
0.13	0.991	23.5	0.996	2.63	5.92	0.334	2.045	0.98451	0.217	0.99	0	1
0.13	0.015	20.2	0.987	-0.53	5.65	NA	1.92	0.99993	0.219	1	0	1
0.02	0.049	20.8	0.986	NA	5.41	0.399	0.905	1	0.194	1	0	1
0.08	0.39	23.9	0.996	-3.94	4.28	0.593	2.8	1	0.767	0.944	0	1
0	0.98	25.9	0.996	-1.33	5.68	0.281	2.82	1	0.456	1	0	1
0.01	0.233	24.4	0.996	0.67	4.47	NA	1.36	0.8248	0.086	0.997	0	1
0	0.028	24.7	0.999	-1.13	5.02	0.586	1.935	0.99631	0.463	0.995	0	1
0.02	0.168	23	0.953	1.95	3.44	0.568	0.695	1	0.105	0.177	0	1
0.05	0.188	14.29	0.996	0.88	6.17	0.229	0.55	0.99041	0.054	0.996	0	1
0	0.999	27.6	0.999	-2.58	4.9	0.628	3.535	1	0.718	0.998	0	1
0.13	0.039	15.45	0.97	2	5.57	NA	NA	0.99875	0.031	0.913	0	1
0.05	0.087	14.1	0.941	3.72	5.86	0.259	0.55	1	0.052	0.268	0	1
0.88	0	12.41	0.944	NA	5.15	0.236	1.32	1	0.127	0.967	0	1
0	0.994	22.7	0.973	-1.54	4.99	NA	3.315	1	0.582	0.072	0	1
0.4	0.346	14.76	0.993	4.74	5.83	NA	NA	1	0.192	1	0	1
0	0.985	32	0.995	NA	5.47	0.48	1.91	1	0.275	0.966	0	1
0.03	0.872	19.56	0.995	-0.12	5.95	0.153	0.805	1	0.132	0.991	0	1
0.22	0	0.383	0.768	-2.4	5.94	NA	0.23	1	0.267	0.142	0	1
0.47	0.003	5.208	0.867	-2.3	4.47	0.657	0.38	1	0.201	0.133	0	1
0.14	0.007	12.19	0.997	NA	3.67	0.341	1.245	0.99631	0.043	0.734	0	1
0.16	0.98	16.16	0.994	NA	2.8	NA	0.635	1	0.013	0.001	0	1
0.02	0.019	6.176	0.871	-1.47	4.47	NA	0.205	0.99999	0.107	0.014	0	1
0	0.983	24.3	0.98	4.41	5.58	0.136	0.345	0.63391	0.163	0.993	0	1
0.01	0.762	NA	NA	NA	NA	NA	NA	NA	NA	NA	0	1
0.6	0	0.187	0.584	-2.79	5.5	0.296	-1.5	1	0.222	0.983	0	1
0	0.997	21.9	0.989	-0.84	5.67	0.755	4.87	0.62457	0.481	0.285	0	1
0	0.999	NA	NA	NA	NA	NA	NA	NA	NA	NA	0	1
0	0.982	32	0.999	3.06	4.61	NA	2.745	1	0.215	0.979	0	1
0.1	0.196	23.8	0.997	-2.35	5.69	NA	1.83	1	0.468	0.893	0	1
0	0.763	34	0.999	3.47	5.71	NA	0.975	0.99999	0.291	0.999	0	1
0.12	0.009	18.89	0.978	NA	5.95	0.572	2.33	0.99895	0.114	1	0	1
0.18	0.641	20.1	0.939	NA	3.51	0.417	1.75	1	0.041	0	0	1
0.15	0.998	26.7	0.999	3.93	5.35	0.524	2.395	0.67805	0.266	0.996	0	1
0.01	0.149	22.9	0.995	2.08	4.25	0.545	1.65	1	0.138	0.229	0	1
0.02	0.894	24.9	0.998	-2.75	5.84	0.602	2.79	0.99951	0.706	0.994	0	1
0.01	0.793	23.8	0.998	2.55	5.4	0.444	2.395	0.91797	0.215	0.017	0	1
0	0.998	23.7	0.995	-0.12	5.3	NA	NA	1	0.602	0.999	0	1
0.21	0.005	12.62	0.963	0.8	5.91	0.552	0.145	0.99506	0.052	0.89	0	1
0	0.899	24.8	0.999	NA	5.65	NA	2.97	1	0.585	1	0	1
1	0	0.001	0.544	3.19	1.06	0.163	NA	1	0.013	0.005	0	1
0.07	0.104	20.6	0.979	1.28	4.41	0.132	1.975	1	0.047	0	0	1
0	0.973	26.4	0.996	-1.35	5.04	0.902	2.115	1	0.882	1	0	1
0.05	0.62	27.4	1	0.22	5.28	0.415	1.04	0.99986	0.306	1	0	1
0.07	0.829	23.7	0.996	2.89	4.91	0.282	2.175	0.7792	0.092	0.432	0	1
0.01	0.277	26.4	0.992	-4.25	6.08	NA	3.47	0.69709	0.795	1	0	1
0.81	0	9.827	0.877	-0.18	4.76	0.432	-1.1	0.90522	0.081	0.996	0	1
0.07	0.031	13.81	0.993	-1.95	4.14	0.346	NA	NA	0.46	0.928	0	1
0.1	0.033	13.09	0.971	3.49	4.41	0.333	1.3	0.99987	0.029	0.753	0	1
0	0.921	24.2	0.998	0.65	4.86	0.935	3.225	0.99971	0.451	0.9	0	1
0	0.981	24.5	0.986	NA	5.14	0.44	2.52	1	0.082	0.001	0	1
1	0.007	11.54	0.389	1.04	3.56	0.236	1.75	0.99936	0.051	0.024	0	1
0.01	0.999	31	0.999	-0.74	5.26	NA	2.155	0.99999	0.718	0.998	0	1
0.11	0	2.6	0.751	0.92	4.18	NA	-0.785	1	0.051	0.009	0	1
0.07	0.048	2.999	0.738	NA	4.79	0.351	1.175	0.85931	0.204	0.003	0	1
0.01	0.347	34	0.999	1.2	4.77	0.28	2.19	1	0.305	0.952	0	1
0.06	0.023	22.7	0.996	0.92	5.51	0.32	1.335	0.99894	0.053	0.992	0	1
0.08	0.701	22.9	0.996	1.72	5.48	0.779	0.875	1	0.453	1	0	1
0	1	29.4	0.999	0.42	5.42	NA	2.945	0.90915	0.533	0.984	0	1
1	0	3.024	0.36	NA	3.85	NA	NA	NA	NA	0.014	0	1
0.06	0.103	11.96	0.77	1.97	3.7	0.122	NA	1	0.032	0.006	0	1
0.55	0.022	3.236	0.86	4.99	4.4	NA	1.78	1	0.016	0	0	1
0.02	0.839	22.3	0.997	4.19	1.97	0.526	2.615	1	0.068	0.04	0	1
0.02	0.997	25.4	0.999	-0.2	6.16	NA	2.175	1	0.311	0.997	0	1
0.02	0.539	24.2	0.997	-0.07	4.86	0.263	2.31	1	0.152	0.996	0	1
0	0.999	28.7	0.998	1.52	5.32	0.228	1.625	0.98609	0.242	0.898	0	1
0	0.999	29.2	0.999	2.41	5.48	0.523	1.125	0.99999	0.46	0.639	0	1
NA	0.81	12.56	0.994	NA	5.55	0.126	NA	1	0.583	0.995	0	1
0.07	0.005	20.1	0.991	1.99	5.56	NA	2.28	1	0.168	1	0	1
0	0.999	28.2	0.999	-1.7	5.74	NA	3.83	1	0.763	0.995	0	1
0.12	0.006	14.99	0.995	1.13	5.17	0.646	1.455	0.9999	0.167	0.991	0	1
0.07	0.773	23.2	0.576	1.65	5.01	0.377	1.525	1	0.038	0.018	0	1
0.09	0.195	24.6	0.996	0.79	4.27	NA	1.845	0.9544	0.173	0.253	0	1
0.23	0	19.04	0.995	NA	4.91	0.222	1.25	1	0.022	0.64	0	1
0.14	0.009	12.74	0.988	1.03	5.62	NA	1.845	0.99725	0.071	0.86	0	1
0.01	0.962	24	0.992	0.83	5.63	0.241	1.79	0.99777	0.153	1	0	1
0.34	0.999	21.6	0.991	4.69	5.97	0.33	-0.505	0.6484	0.128	0.989	0	1
0	0.997	35	0.999	0.35	5.52	NA	1.395	1	0.554	0.992	0	1
0.01	0.079	19.33	0.981	1.69	5.19	NA	2.125	0.76344	0.053	0.891	0	1
0.01	0.653	35	1	-0.07	5.56	NA	2.63	1	0.347	1	0	1
0.25	0.2	23.5	0.979	-3.27	3.97	0.312	0.45	0.88622	0.192	0.975	0	1
0.11	0.031	8.311	0.884	0.86	5.57	0.224	1.87	0.7654	0.035	0.992	0	1
0.02	0.069	22.6	0.984	0.82	5.48	NA	2.05	0.75733	0.071	0.953	0	1
0.01	0.159	29.5	0.995	1.42	3.3	0.407	0.55	0.9998	0.205	1	0	1
0.23	0.001	0.048	0.556	2.94	4.34	0.183	1.52	1	0.018	0.002	0	1
0.09	0.129	23	0.975	-0.47	4.79	0.797	1.715	0.99994	0.188	1	0	1
0.03	1	30	1	0.24	5.79	0.799	1.92	1	0.576	0.998	0	1
0	0.999	29.2	0.997	NA	4.66	0.806	3.29	1	0.696	1	0	1
0.14	0.095	10.47	0.304	0.85	4.71	0.32	0.835	1	0.053	0.006	0	1
0	0.999	28.9	0.972	-4.95	4.62	0.731	3.705	1	0.964	1	0	1
0.01	0.989	24.3	0.997	-2.8	5.04	0.578	1.68	1	0.601	0.936	0	1
0.41	0.005	0.001	0.286	1.91	5.64	0.538	1.385	1	0.018	0.003	0	1
0.38	0.506	22.8	0.998	0.97	5.91	0.404	1.795	0.99072	0.088	1	0	1
NA	0.923	15.63	0.81	0.89	4.73	0.109	NA	0.82324	0.139	0.824	0	1
0.19	0.41	22.3	0.591	-2.97	4.85	NA	1.5	0.54696	0.275	0.42	0	1
0.03	0	0.002	0.377	0.19	4.44	0.35	1.6	0.99875	0.07	0.824	0	1
0.25	0.05	22.8	0.995	2.1	6.17	0.232	1.295	0.89251	0.075	0.456	0	1
1	0.999	17.53	0.824	3.37	4.57	0.618	0.305	1	0.27	0.629	0	1
0	1	28.3	0.999	NA	5.79	0.662	2.69	0.98395	0.675	1	0	1
0.09	0.081	14.62	0.963	-1.8	4.01	0.263	2.33	0.84513	0.213	0.216	0	1
0.09	0.023	12.36	0.989	1	4.04	0.315	-0.66	0.99331	0.026	0.875	0	1
0.15	0	11.93	0.971	-1.99	5.84	0.081	0.345	0.99982	0.285	0.999	0	1
0.71	0	1.902	0.877	3.38	4.74	0.137	0.6	1	0.053	0.508	0	1
1	0	9.263	0.747	NA	4.64	NA	NA	NA	NA	0.997	0	1
0.2	0.01	0.012	0.632	NA	5.63	NA	0.755	1	0.053	0.01	0	1
0.15	0.116	20.8	0.962	1.14	5.31	0.399	2.14	0.92303	0.065	0.981	0	1
0	0.993	26	0.969	0.93	2.33	0.519	2.67	0.99997	0.271	1	0	1
0.16	0.091	14.54	0.995	1.91	2.24	NA	0.805	0.89663	0.035	0.978	0	1
0	0.979	23.1	0.96	1.07	3.87	0.74	2.725	0.94138	0.243	0.755	0	1
0.08	0.022	20.2	0.989	-4.15	5.78	NA	1.61	0.65046	0.344	0.972	0	1
0.36	0.429	25.2	0.999	NA	5.67	0.693	1.545	1	0.273	1	0	1
0.68	0	5.727	0.275	5.08	5.6	NA	1.215	0.75084	0.086	0.998	0	1
0.84	0.007	NA	NA	NA	NA	NA	NA	NA	NA	NA	0	1
0.07	0.275	12.77	0.764	4.33	4.13	0.18	1.445	1	0.06	0.005	0	1
1	0.028	12.78	0.449	2.7	5.66	0.203	-0.03	0.67765	0.062	0.985	0	1
0.02	0.884	15.43	0.701	NA	1.87	NA	NA	0.92017	NA	0.421	0	1
0.11	0.001	23.2	0.94	2.34	5.59	NA	-1.79	0.71438	0.135	0.994	0	1
0.06	0.438	NA	NA	NA	NA	NA	NA	NA	NA	NA	0	1
0.19	0.031	23	0.994	3.22	5.85	0.072	1.355	0.98861	0.068	0.904	0	1
0.01	0.819	26.4	0.997	-3.84	5.44	0.425	NA	0.99975	0.784	0.285	0	1
0.2	0.015	4.326	0.778	1.4	5.45	0.196	1.295	1	0.094	0.899	0	1
NA	0.007	NA	NA	NA	NA	NA	NA	NA	NA	NA	0	1
0.4	0.001	3.287	0.78	0.8	5.46	NA	-0.44	1	0.072	0.315	0	1
0.09	0.155	11.34	0.982	-0.5	6.06	0.477	2.655	1	0.36	1	0	1
0	0.996	29.7	0.999	0.01	5.45	0.86	1.97	1	0.588	0.997	0	1
1	0.019	0.1	0.08	3.58	3.08	0.344	0.4	1	0.125	0.001	0	1
0.64	0.012	22.2	0.997	1.62	4.4	NA	1.63	0.65105	0.018	0.999	0	1
0.38	0.02	16.5	0.964	-0.32	5.54	0.717	1.265	0.99996	0.085	0.272	0	1
0	0.997	31	0.997	-0.77	5.68	0.821	4.015	NA	0.858	0.995	0	1
0.13	0	9.564	0.836	3.28	0.736	0.527	-1.8	0.99942	0.097	0.003	0	1
0	0.999	29.3	0.983	0.65	5.99	0.574	1.525	1	0.314	0.999	0	1
0.01	0	NA	NA	NA	NA	NA	NA	NA	NA	NA	0	1
0	0.999	34	0.999	1.58	4.48	0.617	1.72	0.83303	0.304	0.865	0	1
0.23	0.053	24.7	0.994	-1.39	5.11	0.289	2.35	1	0.508	1	0	1
0.16	0.01	3.129	0.877	2.77	2.32	0.415	2.285	1	0.041	0.004	0	1
0.48	0.012	20.7	0.988	1.56	5.25	0.438	0.795	0.99869	0.056	1	0	1
0.01	0.995	34	0.999	-1.34	6.16	0.579	1.615	1	0.414	0.997	0	1
0.04	0.316	NA	NA	NA	NA	NA	NA	NA	NA	NA	0	1
0.06	0.118	24.7	0.993	0.56	5.95	0.538	NA	0.95985	0.079	0.848	0	1
0.01	0.024	21.3	0.832	-0.16	4.5	0.336	2.695	1	0.488	0.904	0	1
0.03	0.726	20.5	0.997	1.64	4.94	NA	2.255	1	0.286	0.003	0	1
0	0.98	32	0.998	0.51	4.24	0.274	2.865	1	0.345	0.499	0	1
0	0.998	26.2	0.998	-0.65	6.12	0.886	3.445	0.98732	0.589	0.021	0	1
0.07	0.04	14.36	0.958	1.51	5.09	NA	0.69	1	0.023	0.021	0	1
0.59	0.026	0.001	0.682	-0.38	5.13	0.147	1.175	1	0.111	0.007	0	1
0.19	0.777	23.1	0.999	-4.06	5.32	0.38	2.195	0.99069	0.596	0.989	0	1
0.03	0.601	17.91	0.999	1.32	5.17	0.179	2.28	0.73068	0.087	0.011	0	1
0.05	0.295	23.1	0.999	-0.33	5.15	0.152	0.975	0.99996	0.317	0.661	0	1
0	0.608	NA	NA	NA	NA	NA	NA	NA	NA	NA	0	1
0.04	0.04	15.25	0.971	-0.84	5.64	0.127	1.5	0.99999	0.344	1	0	1
0.03	0.85	19.8	0.969	4.64	0.85	NA	NA	1	NA	0.008	0	1
NA	0.018	21.2	0.989	NA	5.91	0.657	1.73	1	0.237	0.14	0	1
0.01	0	23.9	0.992	0.68	4.39	0.307	0.55	0.98338	0.087	0.293	0	1
0.12	0.077	22.6	0.994	NA	4.96	NA	0.695	1	0.242	0.998	0	1
0.5	0	21.6	0.969	4.43	5.72	NA	1.5	0.99812	0.072	1	0	1
0.04	0.065	20.8	0.977	-1.15	5.43	NA	1.735	1	0.24	0.059	0	1
0	0.994	29.9	0.998	-0.86	5.39	NA	NA	0.99818	0.274	1	0	1
0.05	0.003	21.5	0.991	2.11	4.66	0.472	2.61	0.99802	0.081	0.305	0	1
0.06	0.282	21.2	0.995	0.68	5.26	0.547	1.975	0.83705	0.104	0.602	0	1
0.58	0.009	0.001	0.244	-1.05	2.17	NA	-0.29	1	0.112	0.002	0	1
0	1	32	0.998	1.41	5.52	0.547	3.045	1	0.712	1	0	1
0.05	0.001	10.05	0.823	-2.62	5.68	NA	2.125	1	0.235	0.259	0	1
NA	0	NA	NA	NA	NA	NA	NA	NA	NA	NA	0	1
0	0.98	34	0.999	-2.05	5.47	NA	3.94	1	0.713	0.997	0	1
0.17	0.009	14.61	0.87	NA	5.59	0.172	1.48	0.99836	0.035	0.994	0	1
0	0	15.16	0.973	NA	3	0.637	NA	NA	0.323	0.645	0	1
0.12	0.985	7.506	0.597	-4.35	4.38	NA	NA	1	NA	0	0	1
0.55	0.007	12.76	0.826	1.92	5.05	NA	1.355	1	0.079	0.764	0	1
0.13	0.011	13.41	0.963	0.69	4.73	0.522	1.15	1	0.02	0	0	1
0.03	0.007	7.182	0.683	NA	5.86	NA	NA	NA	NA	0.035	0	1
0.41	0.199	0.112	0.638	2.15	3.42	0.271	0.345	1	0.021	0.463	0	1
0.18	0.66	17.27	0.999	-0.21	5.82	0.347	1.04	0.99996	0.148	0.997	0	1
0.09	0.711	12.24	0.919	-2.24	5.09	NA	NA	1	NA	0.999	0	1
0.04	0.713	9.057	0.93	1.78	5.34	0.196	2.47	1	0.081	0.039	0	1
0.43	0.167	11.92	0.94	1.55	5.34	0.31	1.79	0.98743	0.05	0.974	0	1
0.04	0.019	25.2	0.996	0.15	5.43	NA	2.65	0.7691	0.111	0.933	0	1
1	0	0.001	0.48	3.32	3.83	0.377	0.345	1	0.03	0.004	0	1
0.23	0.153	NA	NA	NA	NA	NA	NA	NA	NA	NA	0	1
0.01	0	17.72	0.966	2.07	5.2	0.151	1.59	0.99814	0.061	1	0	1
0	1	34	1	-6.24	5.74	0.828	4.28	1	0.943	0.996	0	1
0.11	0	11.09	0.985	NA	4.98	0.476	NA	1	0.062	0.818	0	1
0.46	0	0.53	0.674	-2.28	5.03	0.414	0.79	0.99989	0.156	0.002	0	1
0.31	0.995	24.3	0.998	-0.4	5.79	0.618	0.57	0.99992	0.305	0.994	0	1
0.12	0.005	5.864	0.843	1.45	3.18	NA	0.44	1	0.042	0.729	0	1
0.86	0.003	10.52	0.889	2.82	3.99	NA	1.1	1	0.069	0.408	0	1
0.38	0.216	15.7	0.984	0.62	5.47	NA	0.965	0.901	0.073	1	0	1
0	0.929	24.7	0.997	NA	5.9	0.537	1.955	1	0.532	0.994	0	1
0.19	0.003	0.232	0.72	-0.86	3.7	0.504	NA	1	0.154	0.005	0	1
0.22	0.633	11.85	0.997	2.96	5.15	NA	1.525	1	0.163	0.999	0	1
0.62	0.007	12.07	0.685	1.82	4.82	NA	-0.255	0.65451	0.007	0.993	0	1
0.1	0.981	24.1	0.998	-0.23	6.16	0.623	2.465	1	0.491	1	0	1
0.05	0.045	26.2	0.999	NA	6.08	NA	2.11	0.99994	0.122	0.074	0	1
0	0.964	23.9	0.99	-1.73	4.55	0.616	2.51	0.91344	0.515	0.072	0	1
NA	0.962	23.9	0.996	-2.04	5.34	0.586	1.79	0.99971	0.656	0.031	0	1
0.17	0.015	9.842	0.951	NA	4.63	0.564	1.165	0.98581	0.149	1	0	1
0.46	0.166	23.3	0.997	0.63	4.66	0.223	2.425	0.97453	0.059	0.998	0	1
1	0.001	13.11	0.975	0.92	5.9	NA	-0.9	NA	0.031	0.999	0	1
0	1	26.3	0.999	-1.8	4.49	0.969	4.67	1	0.687	0.842	0	1
0.12	0.109	13.31	0.962	1.94	5.27	0.325	0.955	1	0.074	0.512	0	1
0	0.474	32	0.998	-0.41	5.18	0.45	2.025	1	0.489	0.363	0	1
0.03	0.989	26.9	0.998	1.3	5.27	NA	2.405	1	0.322	0.904	0	1
0.31	0.011	19.28	0.813	2.02	5.22	NA	-0.695	0.99507	0.061	0.137	0	1
0.04	0.388	17.75	0.952	2.97	5.79	0.411	0.895	0.99995	0.221	1	0	1
1	0	0.001	0.187	1.05	4.6	0.24	-1.67	1	0.021	0.004	0	1
0.07	0.006	7.955	0.922	1.97	5.22	0.265	0.69	1	0.022	0.921	0	1
0.24	0.346	13.15	0.988	-0.66	5.04	0.406	0.55	0.99999	0.387	0.998	0	1
0.39	0.001	5.104	0.926	NA	5.48	NA	-0.55	1	0.052	0.988	0	1
0	0.001	29.5	0.964	0.93	5.71	0.145	2.045	1	0.185	1	0	1
0.43	0	4.669	0.974	0.74	2.21	NA	NA	1	0.008	0.001	0	1
0.01	0.054	24.6	0.991	NA	5.92	0.155	0.69	0.94673	0.074	0.987	0	1
0.1	0.541	NA	NA	NA	NA	NA	NA	NA	NA	NA	0	1
0.34	0.015	15.2	0.961	2.12	4.63	0.411	1.8	0.98494	0.064	0.994	0	1
0.4	0.999	NA	NA	NA	5.24	NA	NA	NA	NA	0.202	0	1
0.01	0.908	24.8	0.997	-2.91	4.74	0.352	1.93	1	0.671	0.176	0	1
0	1	33	0.998	0.54	5.39	0.854	4.99	1	0.757	1	0	1
0.01	0.499	25.3	0.999	2.72	5.03	NA	1.5	0.99732	0.037	0.786	0	1
0.02	0.154	NA	NA	NA	NA	NA	NA	NA	NA	NA	0	1
0.05	0.011	21.9	0.988	NA	4.26	0.385	0.205	0.99711	0.029	0.946	0	1
0.16	0.003	0.001	0.696	3.5	5.41	0.198	0.625	1	0.008	0.022	0	1
0.1	0.534	22.5	0.998	0.24	5.33	0.688	0.785	0.99999	0.273	1	0	1
1	0	0.003	0.417	-0.07	5.27	NA	-1.12	0.99356	0.106	0.653	0	1
0.19	0	18.42	0.932	0.57	4.84	NA	0.205	0.99997	0.096	0.994	0	1
0.03	0.001	22.8	0.993	-0.09	4.16	0.411	1.32	0.76487	0.071	0.984	0	1
0.7	0	16.54	0.904	-0.76	5.7	0.213	NA	0.53375	0.105	1	0	1
0	0.778	14.93	0.933	0.96	5.27	0.323	2.11	0.9962	0.341	0.39	0	1
0.01	0.754	22.8	0.991	5.6	2.2	0.556	0.975	1	0.102	0.013	0	1
0.2	0.925	22.5	0.998	-1.98	4.79	NA	3.175	0.99981	0.446	1	0	1
0	0.843	4.902	0.988	-2.84	2.85	NA	1.79	1	0.225	0.015	0	1
0.15	0.03	15.22	0.93	0.55	5.52	NA	-1.235	0.99864	0.121	1	0	1
0.05	0.131	11.86	0.939	-1.1	5.7	NA	1.005	1	0.206	0.3	0	1
0	0.986	27.6	0.997	-0.28	4.5	NA	3.085	0.99539	0.574	1	0	1
0.07	0.001	0.01	0.591	NA	4.24	NA	1.385	1	0.038	0.984	0	1
0.62	0.012	15.5	0.994	3.2	4.24	NA	0.515	1	0.087	0.195	0	1
0.46	0.005	18.88	0.968	1.25	5.49	0.229	1.4	0.99726	0.019	0.852	0	1
0	0.816	28.2	0.998	0.69	5.5	NA	2.4	0.99929	0.157	0.966	0	1
0.13	0.383	23.8	0.998	-2.44	5.7	0.251	1.67	0.95614	0.287	1	0	1
0.02	0.511	21.7	0.987	NA	3.46	0.539	2.255	1	0.061	0.297	0	1
0.17	0.001	15.49	0.962	0.93	5.16	0.368	0.55	0.93996	0.056	0.113	0	1
0.6	0.017	7.702	0.277	4.46	0.806	NA	1.375	1	0.027	0	0	1
0	1	29.1	0.998	-2.51	5.47	0.878	3.415	1	0.944	1	0	1
0.04	0.432	23.3	0.994	2.17	1.47	NA	2.54	1	0.133	0.003	0	1
0	0.844	26.6	0.995	-1.85	6.02	0.7	0.55	0.99999	0.594	1	0	1
0.2	0.804	23.5	0.999	1.08	5.41	0.735	1.65	1	0.375	0.005	0	1
0.05	0.823	27.2	0.999	NA	5.8	0.464	3.245	1	0.698	0.995	0	1
0	0.99	24.2	0.983	NA	1.66	0.519	2.165	0.75206	0.25	0.86	0	1
0.52	0.103	0.006	0.696	-0.63	2.82	NA	1.245	1	0.228	0.009	0	1
0.03	1	28.1	0.997	-0.7	5.32	NA	3.365	1	0.773	0.949	0	1
0.14	0.011	14.18	0.981	-2.21	5	NA	1.525	1	0.053	0.001	0	1
0.42	0.062	14.65	0.996	-1.78	5.6	0.292	2.24	0.98169	0.512	0.997	0	1
0.13	0.174	25.4	0.999	1	5.43	0.391	1.905	0.53313	0.04	0.995	0	1
0.08	0.532	25.1	0.999	0.12	5.83	0.765	1.92	0.79911	0.339	0.331	0	1
0	0.885	24.5	0.994	2.09	4.83	NA	3.02	0.9949	0.201	0.014	0	1
0.11	0.182	21.1	0.994	0.6	5.73	0.376	0.66	0.99937	0.038	0.722	0	1
0.82	0.012	0.003	0.377	NA	5.3	0.302	0.525	0.99513	0.079	0.022	0	1
0.26	0.035	18.61	0.95	2.39	5.76	0.13	1.955	0.64352	0.055	0.84	0	1
0.23	0.001	7.734	0.802	NA	6.06	NA	1.61	1	0.159	0.834	0	1
0.51	0	0.001	0.827	4.18	5.47	0.306	0.65	1	0.046	0.588	0	1
0	0.963	28.4	0.999	1.73	5.14	0.449	2.125	0.99999	0.213	0.995	0	1
0.49	0.036	13.55	0.985	1.02	2.62	0.586	2.51	1	0.133	0.015	0	1
0.15	0.179	18.96	0.993	-2.42	5.45	0.657	3.52	0.99996	0.746	0.999	0	1
0.11	0.003	11.6	0.988	0.88	5.63	0.171	2.35	1	0.026	0.351	0	1
0.11	0.15	28.7	0.998	0.69	5.97	NA	2.57	1	0.139	1	0	1
0.08	0.999	26.5	0.999	0.91	5.15	NA	2.61	1	0.274	0.995	0	1
0	0.98	26.2	0.998	-0.04	4.76	0.431	2.045	0.99999	0.322	0.967	0	1
0.24	0.164	16.66	0.988	-2.41	5.79	0.18	2.075	0.54266	0.229	0.999	0	1
0.07	0.057	0.084	0.742	3.09	3.02	0.372	1.725	1	0.041	0	0	1
0.25	0.012	19.45	0.971	NA	5.77	0.297	2.315	0.91537	0.062	1	0	1
1	0	0.003	0.54	0.97	4.33	0.226	0.26	0.99837	0.09	0.923	0	1
0.23	0.01	20.9	0.994	0.63	4.97	0.584	1.27	0.99646	0.081	0.998	0	1
0	0.995	34	0.998	-3.12	5.01	0.849	3.405	1	0.96	1	0	1
0	0.977	27.2	0.999	-1.75	5.74	0.598	1.525	1	0.668	1	0	1
0.07	0.991	24.7	0.999	2.94	3.22	0.343	2.3	0.92356	0.071	0.88	0	1
0	0.972	22.6	0.972	4.18	5	0.807	1.935	1	0.147	0.003	0	1
1	0.233	22.6	0.618	-0.65	4.75	0.632	1.07	1	0.366	0.975	0	1
0.03	0.013	11.9	0.907	1.12	3.66	0.444	0.345	1	0.018	0.008	0	1
0.11	0.629	22.4	0.997	2.35	4.31	0.547	2.475	1	0.198	0.029	0	1
0	0.983	23.2	0.994	-0.92	5.7	0.753	4.6	0.99906	0.369	0.003	0	1
1	0	0.011	0.221	0.56	2.02	NA	0.205	1	0.028	0	0	1
0.04	0.992	25	0.994	-1.24	3.81	0.921	3.365	0.6733	0.575	0.04	0	1
0.04	0.278	11.5	0.984	0.68	6.08	NA	1.995	0.94234	0.1	0.034	0	1
0.03	0.809	32	0.999	-2.48	5.48	NA	2.005	0.9669	0.338	0.99	0	1
0.28	0.833	5.539	0.877	NA	3.48	0.357	0.155	1	0.025	0.963	0	1
0.01	0.698	21.9	0.994	-2.53	4.81	0.46	2.09	0.96534	0.558	0.97	0	1
0.27	0.181	16.46	0.755	-3.75	4.4	0.518	0.765	0.89853	0.315	0.999	0	1
0.03	0.935	24.2	0.998	0.24	5.54	0.493	1.15	0.99997	0.439	1	0	1
0.83	0	0.001	0.51	-0.72	2.75	NA	0.345	1	0.054	0.001	0	1
0.05	0.021	16.71	0.981	-2.54	5.4	0.459	1.795	0.99328	0.387	1	0	1
0.19	0	19.96	0.977	2.33	4.56	0.367	0.9	0.99976	0.086	0.979	0	1
0.72	0.005	0.001	0.645	1.6	4.22	0.255	1.525	1	0.01	0.001	0	1
0.07	0.788	22.8	0.999	0.99	4.69	0.488	2	0.98391	0.12	0.293	0	1
0.15	0.988	25	0.985	-2.34	5.61	NA	1.7	1	0.88	1	0	1
0.17	0.037	17.27	0.978	-0.27	5.18	NA	1.5	0.99993	0.118	0.084	0	1
0.44	0.003	20.2	0.989	1.05	5.45	0.268	0.49	0.99759	0.028	0.998	0	1
0.77	0.009	0.001	0.129	-2.01	5.92	0.323	1.32	1	0.219	0.069	0	1
0.72	0.012	20.8	0.949	-1.06	5.75	NA	1.7	1	0.123	0.995	0	1
0.01	0.74	NA	NA	NA	NA	NA	NA	NA	NA	NA	0	1
0.3	0.012	0.064	0.875	3.47	5.5	0.132	1.43	1	0.038	0.71	0	1
0	0.695	32	0.999	-1.93	5.25	NA	-0.005	1	0.755	0.995	0	1
0	0.998	33	0.999	1.12	5.63	0.333	2.94	1	0.441	1	0	1
0.49	0.054	17.85	0.943	-1.15	5.26	0.547	2.175	1	0.451	1	0	1
0.03	0.01	12.54	0.939	0.87	4.65	0.364	1.385	0.98383	0.048	0.142	0	1
0.08	0.192	13.29	0.985	1.26	5.43	0.297	1.59	0.85662	0.032	0.918	0	1
0.01	0.356	25.5	0.995	2.85	5.81	0.18	2.215	0.87925	0.182	0.323	0	1
0	0.862	14.53	0.986	1.92	5.57	0.473	2.65	1	0.06	0.397	0	1
0	0.908	26.1	0.998	-1.08	4.8	NA	3.48	0.99757	0.583	0	0	1
0.35	0.001	23.3	0.997	0.76	5.35	0.189	1.39	0.74283	0.145	1	0	1
0.02	0.995	23.7	0.993	-0.54	5.53	NA	2.48	1	0.78	1	0	1
0	0.992	NA	NA	NA	NA	NA	NA	NA	NA	NA	0	1
0	1	24	0.996	-0.48	5.67	0.848	2.855	0.99995	0.754	0.765	0	1
0.06	0.592	2.156	0.986	-1.23	5.37	0.741	2.635	0.56084	0.452	0.271	0	1
NA	0	NA	NA	NA	NA	NA	NA	NA	NA	NA	0	1
0.09	0.077	6.324	0.714	2.36	4.87	NA	0.855	1	0.016	0.001	0	1
0	0.996	22.9	0.991	-3.06	3.45	NA	2.305	1	0.836	0.983	0	1
1	0	0.136	0.772	0.54	0.603	0.242	NA	1	0.025	0	0	1
0.11	0.067	16.44	0.993	2.15	4.77	NA	2.19	1	0.017	0.001	0	1
0.03	0.237	23.2	0.998	-0.74	5.53	0.5	2.395	0.99979	0.403	0.998	0	1
0.03	0.994	22.9	0.996	-1.35	5.2	0.43	2.38	0.99993	0.555	0.997	0	1
0	0.998	28.1	0.996	-0.2	5.37	0.476	2.465	1	0.346	0.072	0	1
0.64	0	0.148	0.768	1.54	4.82	NA	NA	1	0.018	0.202	0	1
0	0	21.7	0.963	NA	4.52	0.272	2.275	0.87751	0.061	0.074	0	1
0	0.852	26.2	0.992	0.43	5.33	0.417	2.215	1	0.557	0.997	0	1
0.04	0	14.79	0.968	-1.86	4.63	0.22	0.345	1	0.292	0.92	0	1
0.05	0.27	25	0.999	NA	5.72	0.701	3.06	1	0.23	0.411	0	1
0.25	0.007	12.99	0.978	1.89	5.46	0.084	0.345	0.98464	0.081	1	0	1
NA	0	22.8	0.67	NA	4.03	NA	NA	NA	NA	0.022	0	1
0.01	0.007	17.81	0.977	1.6	5.7	0.453	-0.345	0.97043	0.099	1	0	1
1	0.006	9.256	0.618	2.44	6.17	NA	-0.55	0.9224	0.044	1	0	1
0.01	0.912	17.53	0.988	1.52	2.18	NA	1.7	1	0.098	0.014	0	1
1	0.039	17.09	0.138	-0.25	5.88	0.567	-0.345	0.96458	0.088	0.951	0	1
0.12	0	22.3	0.997	2.79	5.63	0.145	1.59	0.99939	0.154	0.993	0	1
0.01	0.925	26.3	0.999	0.86	5.4	0.53	2.095	1	0.22	1	0	1
0	0.998	34	0.999	0.87	4.18	0.585	2.125	1	0.276	0.807	0	1
0	0.12	28.2	0.993	-0.6	6.04	0.612	2.645	1	0.449	1	0	1
0.05	0.005	8.067	0.975	6.32	4.35	0.334	1.415	1	0.082	0.018	0	1
0.03	0.005	13.61	0.995	3.24	3.98	0.242	NA	1	0.047	0.008	0	1
0.05	0.132	23.1	0.993	1.24	4.78	NA	1.1	1	0.032	0	0	1
0.2	0.066	22.9	0.972	0.26	5.92	0.287	2.52	0.99721	0.033	0.942	0	1
0.09	0.219	12.77	0.994	-3.74	6.17	0.536	2.125	0.99999	0.623	0.633	0	1
0.09	0.72	19.04	0.994	1.01	4.71	0.675	1.375	1	0.098	0.999	0	1
0.56	0.003	0.002	0.503	3.08	5.69	0.194	0.895	1	0.028	0.038	0	1
0	0.439	31	0.999	-1.46	5.57	NA	2.54	1	0.622	0.998	0	1
NA	NA	NA	NA	NA	NA	NA	NA	NA	NA		0	1
0	0.992	27.3	0.998	1.66	3.22	0.395	1.95	0.98011	0.234	0.99	0	1
1	0	0.001	0.156	2.11	5.51	0.183	-2.615	1	0.026	0.148	0	1
0	0.986	22	0.981	NA	1.62	0.382	3.205	1	0.02	0	0	1
0.02	0.104	25.6	0.997	0.93	5.36	0.146	1.61	0.65039	0.235	0.16	0	1
0	0.969	26.2	0.997	1.16	5	0.759	1.985	0.99995	0.414	1	0	1
0.21	0.296	18.59	0.984	-0.58	5.56	0.191	1.1	0.83194	0.088	0.999	0	1
0.2	0.204	16.53	0.992	-2.27	5.85	NA	2.17	1	0.519	0.94	0	1
0.01	0.154	14.18	0.927	0.19	6.17	0.173	0.805	1	0.131	0.033	0	1
0	1	29.7	0.999	0.56	5.33	0.932	3.83	1	0.586	0.97	0	1
0	0.907	25.2	0.995	2.6	3.26	NA	1.935	0.99907	0.069	0.004	0	1
0.24	0.03	22	0.809	2.91	5.7	0.439	0.84	1	0.091	0.591	0	1
0.14	0	0.004	0.492	3.22	3.75	0.16	0.205	1	0.012	0.004	0	1
0.02	0.088	23.6	0.998	3.28	4.93	NA	0.55	1	0.064	0.778	0	1
0.05	0.858	26.6	0.999	-0.85	5.08	0.404	2.455	1	0.236	0.997	0	1
0.06	0.989	19.62	0.986	1.74	1.78	0.665	2.515	1	0.039	0.326	0	1
0.06	0.333	23.6	0.779	-1.73	5.06	0.607	1.1	1	0.292	0.003	0	1
0	0.247	26	0.991	NA	3.5	NA	2.63	0.96637	0.206	0.997	0	1
0.01	0.967	26.6	0.991	3.14	5.4	0.716	2.845	1	0.455	1	0	1
0.05	0.963	17.31	0.978	2.44	4.1	0.491	2.685	1	0.082	0.003	0	1
0.02	0.662	25.2	0.986	1.37	5.65	NA	0.975	1	0.035	1	0	1
0.07	0.188	17.28	0.992	1.42	5.84	0.41	2.275	0.87241	0.134	0.997	0	1
0	0.015	11.72	0.976	-1.62	4.6	0.645	NA	1	0.185	0.701	0	1
0	0.997	34	0.995	0.57	5.2	0.542	2.475	1	0.409	1	0	1
0.04	0.849	21.1	0.988	-3.14	5.18	0.446	1.775	0.99987	0.51	0.861	0	1
0.02	0.984	25.5	0.98	-3.15	5.6	0.374	1.37	1	0.695	1	0	1
0.63	0	0.003	0.139	2.53	0.235	0.307	-0.915	1	0.006	0	0	1
0.01	0	12.73	0.986	-2.8	5.22	0.117	NA	1	0.247	0.682	0	1
0	0.91	26.9	0.996	0.93	4.44	0.819	4.45	0.98145	0.455	1	0	1
0.02	0.795	25.9	0.999	0.73	5.23	NA	2.79	1	0.389	1	0	1
0.1	0.053	16.03	0.985	-1.84	5.12	0.512	0.345	0.73794	0.213	0.998	0	1
0.19	0.171	22.5	0.998	0.48	5.72	NA	1.89	1	0.413	1	0	1
0	0.902	35	1	0.78	5.28	NA	2.22	1	0.222	1	0	1
0.44	0.021	20.7	0.977	2	5.29	0.4	1.32	0.71851	0.044	0.974	0	1
0	1	28.6	0.991	0.71	5.4	0.757	4.305	1	0.692	0.878	0	1
0	0.001	24.3	0.983	1.22	0.854	0.224	0.55	0.99657	0.057	0.998	0	1
0.14	0.003	21.7	0.993	-0.63	6.11	0.251	1.65	1	0.225	0.964	0	1
0.09	0.528	23.9	0.991	2.85	5.56	0.242	1.445	0.97803	0.054	0.924	0	1
0.01	0.038	16.79	0.875	NA	4.31	NA	2.31	0.98643	0.074	0	0	1
0	0.997	27.4	0.999	-3.16	5.23	0.792	1.79	1	0.947	0.957	0	1
0.11	0.497	23.6	0.995	1.33	5.98	0.347	2.015	0.79152	0.057	0.999	0	1
0.44	0	8.566	0.88	2.35	3.95	0.165	NA	1	0.042	0.017	0	1
0.91	0	0.001	0.675	1.65	2.78	0.355	-1.76	1	0.011	0	0	1
0.03	0.136	23.1	0.998	0.69	4.92	0.052	2.61	0.75021	0.126	0.993	0	1
0	0.932	34	0.994	-3.11	5.87	0.171	1.525	0.92014	0.401	0.999	0	1
0	0.654	24.1	0.997	1.02	5.73	0.239	1.785	0.99986	0.244	0.218	0	1
0.06	0.007	13.08	0.977	3.56	5.52	0.078	1.59	1	0.068	0.041	0	1
0	0.994	23	0.994	-0.1	4.49	0.158	2.015	0.9988	0.169	0.007	0	1
0.01	0.234	27.4	0.999	1.68	5.58	0.33	2.71	0.99402	0.098	0.995	0	1
0.3	0.001	23.8	0.895	-2.27	6.07	NA	2.28	0.98925	0.439	0.313	0	1
0.65	0.053	0.002	0.41	0.99	4.53	NA	0.69	1	0.004	0.008	0	1
0.31	0	NA	NA	NA	NA	NA	NA	NA	NA	NA	0	1
0	1	34	0.998	1.63	5.29	0.221	3.385	1	0.494	0.951	0	1
0.05	0.027	23.4	0.998	NA	5.62	NA	2.525	1	0.041	0.948	0	1
0.26	0.029	17.85	0.957	1.29	5.02	0.6	1.5	0.99993	0.235	0.996	0	1
0.35	0.048	6.509	0.808	-2.02	5.69	NA	0.705	0.99999	0.315	1	0	1
